Query_ID	Target_ID	Optimal_offset	p-value	E-value	q-value	Overlap	Query_consensus	Target_consensus	Orientation
filter0	RNCMPT00113	-3	0.000681695	0.166334	0.0967121	7	GGGGCGGGGGAAGGGG	GCGCGGG	+
filter0	RNCMPT00052	-3	0.000836201	0.204033	0.0967121	7	GGGGCGGGGGAAGGGG	GCGCGGG	+
filter0	RNCMPT00009	-1	0.00150467	0.367139	0.108532	7	GGGGCGGGGGAAGGGG	GGGCGUG	+
filter0	RNCMPT00160	-1	0.00254544	0.621088	0.108532	7	GGGGCGGGGGAAGGGG	GGGAGGG	+
filter0	RNCMPT00162	-4	0.00313588	0.765155	0.108532	7	GGGGCGGGGGAAGGGG	CGGAGGA	+
filter0	RNCMPT00107	-5	0.00431343	1.05248	0.108532	7	GGGGCGGGGGAAGGGG	GGAGGAA	+
filter0	RNCMPT00134	-2	0.0049088	1.19775	0.108532	7	GGGGCGGGGGAAGGGG	GGAGGGG	+
filter0	RNCMPT00020	-8	0.00521854	1.27332	0.108532	7	GGGGCGGGGGAAGGGG	GGACGGG	+
filter0	RNCMPT00106	-5	0.00521854	1.27332	0.108532	7	GGGGCGGGGGAAGGGG	GGAGGAC	+
filter0	RNCMPT00045	-1	0.00553653	1.35091	0.108532	7	GGGGCGGGGGAAGGGG	GCGCGCG	+
filter0	RNCMPT00109	-5	0.00553653	1.35091	0.108532	7	GGGGCGGGGGAAGGGG	GGAGGAA	+
filter0	RNCMPT00124	-1	0.0056304	1.37382	0.108532	8	GGGGCGGGGGAAGGGG	CCGCGCGG	+
filter0	RNCMPT00205	-5	0.00737915	1.80051	0.129764	7	GGGGCGGGGGAAGGGG	AGGGGAA	+
filter0	RNCMPT00163	-5	0.00785383	1.91633	0.129764	7	GGGGCGGGGGAAGGGG	GGAGGAG	+
filter0	RNCMPT00108	-5	0.00960056	2.34254	0.148049	7	GGGGCGGGGGAAGGGG	GGAGGAG	+
filter0	RNCMPT00056	-3	0.0201268	4.91094	0.290975	7	GGGGCGGGGGAAGGGG	GCGCGCG	+
filter0	RNCMPT00016	-8	0.0234131	5.71279	0.300875	7	GGGGCGGGGGAAGGGG	GGACAAG	+
filter0	RNCMPT00238	-5	0.0234131	5.71279	0.300875	7	GGGGCGGGGGAAGGGG	GGAGGAA	+
filter0	RNCMPT00154	-9	0.0297505	7.25913	0.362194	7	GGGGCGGGGGAAGGGG	GAAGGAG	+
filter0	RNCMPT00029	-1	0.0379852	9.26839	0.399385	7	GGGGCGGGGGAAGGGG	GGUAGGG	+
filter0	RNCMPT00095	-1	0.0379852	9.26839	0.399385	7	GGGGCGGGGGAAGGGG	GGUAGGG	+
filter0	RNCMPT00096	-2	0.0379852	9.26839	0.399385	7	GGGGCGGGGGAAGGGG	GGUAGGG	+
filter1	RNCMPT00160	-3	0.00129196	0.315239	0.166833	7	AAGGGGAGGGCUACUA	GGGAGGG	+
filter1	RNCMPT00205	-1	0.00141223	0.344584	0.166833	7	AAGGGGAGGGCUACUA	AGGGGAA	+
filter1	RNCMPT00072	-1	0.00359839	0.878008	0.267246	8	AAGGGGAGGGCUACUA	AGGAGAGG	+
filter1	RNCMPT00154	1	0.00452443	1.10396	0.267246	6	AAGGGGAGGGCUACUA	GAAGGAG	+
filter1	RNCMPT00134	-4	0.00745195	1.81828	0.352134	7	AAGGGGAGGGCUACUA	GGAGGGG	+
filter1	RNCMPT00106	-4	0.0173374	4.23032	0.492888	7	AAGGGGAGGGCUACUA	GGAGGAC	+
filter1	RNCMPT00109	-4	0.0184132	4.49282	0.492888	7	AAGGGGAGGGCUACUA	GGAGGAA	+
filter1	RNCMPT00107	-4	0.0232548	5.67417	0.492888	7	AAGGGGAGGGCUACUA	GGAGGAA	+
filter1	RNCMPT00094	-3	0.0246549	6.01579	0.492888	7	AAGGGGAGGGCUACUA	GGUAGGG	+
filter1	RNCMPT00029	-3	0.0261656	6.3844	0.492888	7	AAGGGGAGGGCUACUA	GGUAGGG	+
filter1	RNCMPT00095	-3	0.0261656	6.3844	0.492888	7	AAGGGGAGGGCUACUA	GGUAGGG	+
filter1	RNCMPT00096	-3	0.0261656	6.3844	0.492888	7	AAGGGGAGGGCUACUA	GGUAGGG	+
filter1	RNCMPT00088	1	0.0313576	7.65126	0.492888	6	AAGGGGAGGGCUACUA	AGAGAGG	+
filter1	RNCMPT00066	-3	0.033378	8.14424	0.492888	7	AAGGGGAGGGCUACUA	AGGAGGA	+
filter1	RNCMPT00108	-4	0.033378	8.14424	0.492888	7	AAGGGGAGGGCUACUA	GGAGGAG	+
filter1	RNCMPT00163	-4	0.033378	8.14424	0.492888	7	AAGGGGAGGGCUACUA	GGAGGAG	+
filter1	RNCMPT00141	1	0.0378972	9.24691	0.526703	6	AAGGGGAGGGCUACUA	UAUGAGG	+
filter2	RNCMPT00089	-3	0.00120174	0.293225	0.272721	7	UCCAGAGAGAGUGCCC	AGAGAAA	+
filter2	RNCMPT00088	-3	0.00335841	0.819452	0.272721	7	UCCAGAGAGAGUGCCC	AGAGAGG	+
filter2	RNCMPT00019	-3	0.00410473	1.00155	0.272721	7	UCCAGAGAGAGUGCCC	AGAGAAA	+
filter2	RNCMPT00090	-3	0.00454146	1.10812	0.272721	7	UCCAGAGAGAGUGCCC	AGAGAAA	+
filter2	RNCMPT00060	-3	0.0109708	2.67687	0.490527	7	UCCAGAGAGAGUGCCC	AGAGAAG	+
filter2	RNCMPT00184	-3	0.0122527	2.98965	0.490527	7	UCCAGAGAGAGUGCCC	AGUGUGA	+
filter2	RNCMPT00076	-3	0.015785	3.85153	0.541664	8	UCCAGAGAGAGUGCCC	UGAAUGAG	+
filter2	RNCMPT00149	-2	0.0188262	4.59359	0.565271	7	UCCAGAGAGAGUGCCC	CAGACAG	+
filter2	RNCMPT00129	-5	0.0245478	5.98967	0.636589	8	UCCAGAGAGAGUGCCC	AGAGUAUA	+
filter2	RNCMPT00170	2	0.0270295	6.59519	0.636589	5	UCCAGAGAGAGUGCCC	AAUCCAG	+
filter2	RNCMPT00284	-3	0.0291519	7.11308	0.636589	7	UCCAGAGAGAGUGCCC	AGUGUGA	+
filter2	RNCMPT00006	-1	0.0388036	9.46807	0.696628	8	UCCAGAGAGAGUGCCC	CCAGAUGC	+
filter2	RNCMPT00156	-4	0.0395682	9.65463	0.696628	7	UCCAGAGAGAGUGCCC	GACAGAU	+
filter3	RNCMPT00063	-7	0.0014867	0.362755	0.259764	7	CAUUCCAGCGGGCCCC	GCUGGAC	+
filter3	RNCMPT00045	-7	0.00218514	0.533174	0.259764	7	CAUUCCAGCGGGCCCC	GCGCGCG	+
filter3	RNCMPT00056	-7	0.00384717	0.938711	0.304895	7	CAUUCCAGCGGGCCCC	GCGCGCG	+
filter3	RNCMPT00111	-6	0.00729432	1.77981	0.377258	8	CAUUCCAGCGGGCCCC	UGCUGGCC	+
filter3	RNCMPT00082	-6	0.00831434	2.0287	0.377258	8	CAUUCCAGCGGGCCCC	UGCUGGCC	+
filter3	RNCMPT00018	-6	0.0120583	2.94223	0.377258	7	CAUUCCAGCGGGCCCC	UGCGCGC	+
filter3	RNCMPT00052	-5	0.0120583	2.94223	0.377258	7	CAUUCCAGCGGGCCCC	GCGCGGG	+
filter3	RNCMPT00113	-5	0.0131264	3.20285	0.377258	7	CAUUCCAGCGGGCCCC	GCGCGGG	+
filter3	RNCMPT00085	-4	0.0142808	3.4845	0.377258	7	CAUUCCAGCGGGCCCC	GCAGCGC	+
filter3	RNCMPT00006	-4	0.0172147	4.20038	0.392781	8	CAUUCCAGCGGGCCCC	CCAGAUGC	+
filter3	RNCMPT00038	-6	0.0181725	4.43408	0.392781	7	CAUUCCAGCGGGCCCC	AGCUUGC	+
filter3	RNCMPT00124	-3	0.0211013	5.14871	0.418078	8	CAUUCCAGCGGGCCCC	CCGCGCGG	+
filter3	RNCMPT00059	-6	0.0256393	6.25598	0.468913	7	CAUUCCAGCGGGCCCC	AGAAGGC	+
filter3	RNCMPT00097	-7	0.0388449	9.47816	0.615705	7	CAUUCCAGCGGGCCCC	UCGCGCG	+
filter3	RNCMPT00273	-6	0.0388449	9.47816	0.615705	7	CAUUCCAGCGGGCCCC	AGCAUGC	+
filter4	RNCMPT00160	-3	0.00123544	0.301447	0.272767	7	AGGGGGGGGGGGGGGG	GGGAGGG	+
filter4	RNCMPT00134	-3	0.0022594	0.551294	0.272767	7	AGGGGGGGGGGGGGGG	GGAGGGG	+
filter4	RNCMPT00108	-3	0.00806247	1.96724	0.558346	7	AGGGGGGGGGGGGGGG	GGAGGAG	+
filter4	RNCMPT00163	-4	0.00924984	2.25696	0.558346	7	AGGGGGGGGGGGGGGG	GGAGGAG	+
filter4	RNCMPT00109	-3	0.0162943	3.9758	0.745424	7	AGGGGGGGGGGGGGGG	GGAGGAA	+
filter4	RNCMPT00113	-3	0.0230621	5.62715	0.745424	7	AGGGGGGGGGGGGGGG	GCGCGGG	+
filter4	RNCMPT00095	-3	0.0261888	6.39007	0.745424	7	AGGGGGGGGGGGGGGG	GGUAGGG	+
filter4	RNCMPT00096	-3	0.0261888	6.39007	0.745424	7	AGGGGGGGGGGGGGGG	GGUAGGG	+
filter4	RNCMPT00029	-3	0.0280393	6.84158	0.745424	7	AGGGGGGGGGGGGGGG	GGUAGGG	+
filter4	RNCMPT00066	-3	0.0346295	8.4496	0.745424	7	AGGGGGGGGGGGGGGG	AGGAGGA	+
filter4	RNCMPT00094	-3	0.0346295	8.4496	0.745424	7	AGGGGGGGGGGGGGGG	GGUAGGG	+
filter4	RNCMPT00052	-3	0.0370472	9.03952	0.745424	7	AGGGGGGGGGGGGGGG	GCGCGGG	+
filter5	RNCMPT00111	-6	0.00796356	1.94311	0.807166	8	CAGACCCGACGGCCUG	UGCUGGCC	+
filter5	RNCMPT00137	-2	0.00915502	2.23382	0.807166	7	CAGACCCGACGGCCUG	AACCCUA	+
filter5	RNCMPT00082	-6	0.00994723	2.42712	0.807166	8	CAGACCCGACGGCCUG	UGCUGGCC	+
filter5	RNCMPT00241	-7	0.0169676	4.1401	0.890041	7	CAGACCCGACGGCCUG	GACGACA	+
filter5	RNCMPT00265	-2	0.0182809	4.46054	0.890041	7	CAGACCCGACGGCCUG	AACCUAA	+
filter5	RNCMPT00059	-6	0.024654	6.01557	0.956118	7	CAGACCCGACGGCCUG	AGAAGGC	+
filter5	RNCMPT00091	-3	0.03299	8.04957	0.956118	7	CAGACCCGACGGCCUG	ACACAAA	+
filter5	RNCMPT00009	-9	0.0353486	8.62505	0.956118	7	CAGACCCGACGGCCUG	GGGCGUG	+
filter5	RNCMPT00026	0	0.0353486	8.62505	0.956118	7	CAGACCCGACGGCCUG	CCAACCC	+
filter6	RNCMPT00088	-4	0.00232033	0.566161	0.411527	7	AGACAAAGAGGGCAGG	AGAGAGG	+
filter6	RNCMPT00059	-6	0.00708188	1.72798	0.411527	7	AGACAAAGAGGGCAGG	AGAAGGC	+
filter6	RNCMPT00143	-1	0.0094447	2.30451	0.411527	8	AGACAAAGAGGGCAGG	GAUCAAGA	+
filter6	RNCMPT00154	-3	0.0103507	2.52557	0.411527	7	AGACAAAGAGGGCAGG	GAAGGAG	+
filter6	RNCMPT00134	-6	0.011105	2.70963	0.411527	7	AGACAAAGAGGGCAGG	GGAGGGG	+
filter6	RNCMPT00281	-3	0.011105	2.70963	0.411527	7	AGACAAAGAGGGCAGG	CAAAAAG	+
filter6	RNCMPT00089	0	0.0197042	4.80783	0.492815	7	AGACAAAGAGGGCAGG	AGAGAAA	+
filter6	RNCMPT00019	0	0.0211669	5.16473	0.492815	7	AGACAAAGAGGGCAGG	AGAGAAA	+
filter6	RNCMPT00070	-1	0.0227238	5.54462	0.492815	7	AGACAAAGAGGGCAGG	GAUCAAG	+
filter6	RNCMPT00160	-5	0.0227238	5.54462	0.492815	7	AGACAAAGAGGGCAGG	GGGAGGG	+
filter6	RNCMPT00090	0	0.0243807	5.9489	0.492815	7	AGACAAAGAGGGCAGG	AGAGAAA	+
filter6	RNCMPT00066	-5	0.0301046	7.34552	0.495633	7	AGACAAAGAGGGCAGG	AGGAGGA	+
filter6	RNCMPT00289	-3	0.0346262	8.44878	0.495633	7	AGACAAAGAGGGCAGG	AAAAAAG	+
filter6	RNCMPT00058	-2	0.0371072	9.05414	0.495633	7	AGACAAAGAGGGCAGG	ACAACGA	+
filter6	RNCMPT00060	0	0.0371072	9.05414	0.495633	7	AGACAAAGAGGGCAGG	AGAGAAG	+
filter6	RNCMPT00257	0	0.0371072	9.05414	0.495633	7	AGACAAAGAGGGCAGG	AGAAAAA	+
filter6	RNCMPT00278	0	0.0404411	9.86764	0.495633	8	AGACAAAGAGGGCAGG	AGACACAU	+
filter7	RNCMPT00069	1	0.00311134	0.759168	0.315073	6	UACACAGUUUAGCGUC	ACACACA	+
filter7	RNCMPT00178	1	0.00367488	0.89667	0.315073	6	UACACAGUUUAGCGUC	ACACACA	+
filter7	RNCMPT00027	1	0.00398956	0.973451	0.315073	6	UACACAGUUUAGCGUC	ACACACA	+
filter7	RNCMPT00216	-2	0.00794017	1.9374	0.336999	7	UACACAGUUUAGCGUC	CAUUGUA	+
filter7	RNCMPT00129	-3	0.0105925	2.58456	0.336999	8	UACACAGUUUAGCGUC	AGAGUAUA	+
filter7	RNCMPT00251	1	0.010724	2.61665	0.336999	6	UACACAGUUUAGCGUC	AUUCACA	+
filter7	RNCMPT00031	0	0.0124614	3.04058	0.336999	7	UACACAGUUUAGCGUC	UAUGUAG	+
filter7	RNCMPT00156	-2	0.0124614	3.04058	0.336999	7	UACACAGUUUAGCGUC	GACAGAU	+
filter7	RNCMPT00149	0	0.0144925	3.53617	0.336999	7	UACACAGUUUAGCGUC	CAGACAG	+
filter7	RNCMPT00173	0	0.0144925	3.53617	0.336999	7	UACACAGUUUAGCGUC	UAUAUAG	+
filter7	RNCMPT00212	-3	0.0156464	3.81772	0.336999	7	UACACAGUUUAGCGUC	ACAUUUU	+
filter7	RNCMPT00223	1	0.0212504	5.18511	0.41956	6	UACACAGUUUAGCGUC	UUACACG	+
filter7	RNCMPT00234	2	0.024647	6.01386	0.446699	5	UACACAGUUUAGCGUC	AUUACAC	+
filter7	RNCMPT00278	1	0.0263959	6.44059	0.446699	7	UACACAGUUUAGCGUC	AGACACAU	+
filter7	RNCMPT00152	0	0.0285375	6.96315	0.450746	7	UACACAGUUUAGCGUC	UAUAUAC	+
filter7	RNCMPT00172	1	0.0329339	8.03588	0.487675	6	UACACAGUUUAGCGUC	ACAAACA	+
filter8	RNCMPT00044	-11	0.0229554	5.60111	0.999817	5	AAGAUCUUAAGCGUCC	CCUUCCC	+
filter8	RNCMPT00068	-3	0.0315144	7.68952	0.999817	7	AAGAUCUUAAGCGUCC	AUAUUAA	+
filter8	RNCMPT00218	-1	0.0373873	9.12249	0.999817	8	AAGAUCUUAAGCGUCC	AGUUAUUA	+
filter9	RNCMPT00044	-3	5.89271e-05	0.0143782	0.0142728	7	CCCCCCCCCCCUCCCU	CCUUCCC	+
filter9	RNCMPT00239	-3	0.00158954	0.387847	0.192502	8	CCCCCCCCCCCUCCCU	CCUUUCCC	+
filter9	RNCMPT00045	-2	0.00450555	1.09935	0.363765	7	CCCCCCCCCCCUCCCU	GCGCGCG	+
filter9	RNCMPT00026	-4	0.00618106	1.50818	0.37428	7	CCCCCCCCCCCUCCCU	CCAACCC	+
filter9	RNCMPT00215	-8	0.0122411	2.98683	0.587568	8	CCCCCCCCCCCUCCCU	CUUUCCCU	+
filter9	RNCMPT00124	0	0.0145551	3.55145	0.587568	8	CCCCCCCCCCCUCCCU	CCGCGCGG	+
filter9	RNCMPT00186	-3	0.0205446	5.01288	0.710875	7	CCCCCCCCCCCUCCCU	CCUUUCC	+
filter9	RNCMPT00246	-4	0.0361089	8.81056	0.992668	7	CCCCCCCCCCCUCCCU	CUUUCCC	+
filter10	RNCMPT00278	-1	0.00382603	0.933551	0.502353	8	AAGACCCCGUUUCUUA	AGACACAU	+
filter10	RNCMPT00220	-8	0.0135524	3.30679	0.502353	7	AAGACCCCGUUUCUUA	CUUUCUU	+
filter10	RNCMPT00157	2	0.0159446	3.89049	0.502353	5	AAGACCCCGUUUCUUA	AGAAGAC	+
filter10	RNCMPT00153	1	0.0267781	6.53387	0.502353	6	AAGACCCCGUUUCUUA	GAAAACC	+
filter10	RNCMPT00259	-3	0.0287344	7.0112	0.502353	7	AAGACCCCGUUUCUUA	ACCAUGA	+
filter10	RNCMPT00069	-1	0.030797	7.51447	0.502353	7	AAGACCCCGUUUCUUA	ACACACA	+
filter10	RNCMPT00174	-9	0.0329807	8.04728	0.502353	7	AAGACCCCGUUUCUUA	UAUAUUA	+
filter10	RNCMPT00268	-7	0.0329807	8.04728	0.502353	7	AAGACCCCGUUUCUUA	CUUUUCU	+
filter10	RNCMPT00070	-2	0.035285	8.60954	0.502353	7	AAGACCCCGUUUCUUA	GAUCAAG	+
filter10	RNCMPT00137	-3	0.035285	8.60954	0.502353	7	AAGACCCCGUUUCUUA	AACCCUA	+
filter10	RNCMPT00143	-2	0.0371099	9.05481	0.502353	8	AAGACCCCGUUUCUUA	GAUCAAGA	+
filter10	RNCMPT00287	-2	0.0377125	9.20186	0.502353	7	AAGACCCCGUUUCUUA	UACUACG	+
filter10	RNCMPT00027	-1	0.0402527	9.82167	0.502353	7	AAGACCCCGUUUCUUA	ACACACA	+
filter11	RNCMPT00044	-4	0.00954647	2.32934	0.989886	7	GGUUCGUCCCAGUAUA	CCUUCCC	+
filter11	RNCMPT00129	-8	0.0229328	5.59561	0.989886	8	GGUUCGUCCCAGUAUA	AGAGUAUA	+
filter11	RNCMPT00203	-8	0.0229328	5.59561	0.989886	8	GGUUCGUCCCAGUAUA	CCAGCACA	+
filter11	RNCMPT00252	-10	0.0305467	7.45338	0.989886	6	GGUUCGUCCCAGUAUA	AGUAGAU	+
filter12	RNCMPT00239	-8	7.4008e-05	0.018058	0.0153379	8	UGAAGUGGCCUGGCCC	CCUUUCCC	+
filter12	RNCMPT00044	-8	0.000128577	0.0313728	0.0153379	7	UGAAGUGGCCUGGCCC	CCUUCCC	+
filter12	RNCMPT00082	-7	0.00147703	0.360396	0.117463	8	UGAAGUGGCCUGGCCC	UGCUGGCC	+
filter12	RNCMPT00063	-8	0.00199127	0.485869	0.118768	7	UGAAGUGGCCUGGCCC	GCUGGAC	+
filter12	RNCMPT00111	-7	0.00347115	0.84696	0.165628	8	UGAAGUGGCCUGGCCC	UGCUGGCC	+
filter12	RNCMPT00246	-9	0.00792225	1.93303	0.274404	7	UGAAGUGGCCUGGCCC	CUUUCCC	+
filter12	RNCMPT00215	-9	0.00805113	1.96448	0.274404	7	UGAAGUGGCCUGGCCC	CUUUCCCU	+
filter12	RNCMPT00203	-8	0.0140047	3.41714	0.367109	8	UGAAGUGGCCUGGCCC	CCAGCACA	+
filter12	RNCMPT00186	-8	0.0142056	3.46617	0.367109	7	UGAAGUGGCCUGGCCC	CCUUUCC	+
filter12	RNCMPT00131	-1	0.0153873	3.7545	0.367109	7	UGAAGUGGCCUGGCCC	GAAAUUU	+
filter12	RNCMPT00249	-10	0.0315563	7.69973	0.684423	6	UGAAGUGGCCUGGCCC	UUGCACA	+
filter13	RNCMPT00205	-1	8.40954e-05	0.0205193	0.0201487	7	AAGGGGAAAAAAAAAA	AGGGGAA	+
filter13	RNCMPT00043	-6	0.0020679	0.504567	0.247728	7	AAGGGGAAAAAAAAAA	AAAAAAA	+
filter13	RNCMPT00140	-1	0.00500833	1.22203	0.399988	7	AAGGGGAAAAAAAAAA	AGUGGAA	+
filter13	RNCMPT00253	-9	0.00724938	1.76885	0.434227	7	AAGGGGAAAAAAAAAA	AGAAAAA	+
filter13	RNCMPT00255	-8	0.0127203	3.10376	0.436007	7	AAGGGGAAAAAAAAAA	AAAAAAA	+
filter13	RNCMPT00257	-9	0.0127203	3.10376	0.436007	7	AAGGGGAAAAAAAAAA	AGAAAAA	+
filter13	RNCMPT00064	-9	0.0145582	3.5522	0.436007	7	AAGGGGAAAAAAAAAA	AGAAAAA	+
filter13	RNCMPT00155	-9	0.0145582	3.5522	0.436007	7	AAGGGGAAAAAAAAAA	AGAAAAA	+
filter13	RNCMPT00042	-7	0.0175984	4.29401	0.468497	7	AAGGGGAAAAAAAAAA	AAAAAAG	+
filter13	RNCMPT00072	-1	0.0310379	7.57325	0.743193	8	AAGGGGAAAAAAAAAA	AGGAGAGG	+
filter13	RNCMPT00036	-1	0.0367172	8.959	0.743193	7	AAGGGGAAAAAAAAAA	CGGAGAA	+
filter14	RNCMPT00232	-7	0.000905752	0.221003	0.0737519	7	AAGAAUAAUAUUUUCA	AUUUUUU	+
filter14	RNCMPT00039	-4	0.00163041	0.39782	0.0737519	8	AAGAAUAAUAUUUUCA	AUAAUAAU	+
filter14	RNCMPT00253	-1	0.00174907	0.426773	0.0737519	7	AAGAAUAAUAUUUUCA	AGAAAAA	+
filter14	RNCMPT00064	-1	0.00215095	0.524833	0.0737519	7	AAGAAUAAUAUUUUCA	AGAAAAA	+
filter14	RNCMPT00155	-1	0.00215095	0.524833	0.0737519	7	AAGAAUAAUAUUUUCA	AGAAAAA	+
filter14	RNCMPT00079	-8	0.00238009	0.580741	0.0737519	7	AAGAAUAAUAUUUUCA	UUUUUUC	+
filter14	RNCMPT00080	-8	0.00263148	0.642082	0.0737519	7	AAGAAUAAUAUUUUCA	UUUUUUC	+
filter14	RNCMPT00165	-8	0.00263148	0.642082	0.0737519	7	AAGAAUAAUAUUUUCA	UUUUUUC	+
filter14	RNCMPT00257	-1	0.00290205	0.7081	0.0737519	7	AAGAAUAAUAUUUUCA	AGAAAAA	+
filter14	RNCMPT00043	-1	0.00680203	1.6597	0.141435	7	AAGAAUAAUAUUUUCA	AAAAAAA	+
filter14	RNCMPT00167	-7	0.00680203	1.6597	0.141435	7	AAGAAUAAUAUUUUCA	AUUUUUU	+
filter14	RNCMPT00025	-7	0.0074698	1.82263	0.142376	7	AAGAAUAAUAUUUUCA	AUUUUUU	+
filter14	RNCMPT00142	-1	0.00896655	2.18784	0.157758	7	AAGAAUAAUAUUUUCA	AUAAUAA	+
filter14	RNCMPT00032	-7	0.0107235	2.61654	0.175195	7	AAGAAUAAUAUUUUCA	UUAUUUU	+
filter14	RNCMPT00212	-7	0.0127636	3.11433	0.194623	7	AAGAAUAAUAUUUUCA	ACAUUUU	+
filter14	RNCMPT00269	-9	0.0164656	4.0176	0.235379	7	AAGAAUAAUAUUUUCA	ACUUUCU	+
filter14	RNCMPT00185	-3	0.0248507	6.06358	0.33435	7	AAGAAUAAUAUUUUCA	GAUAAAA	+
filter14	RNCMPT00268	-9	0.0291827	7.12059	0.365914	7	AAGAAUAAUAUUUUCA	CUUUUCU	+
filter14	RNCMPT00068	-1	0.0341269	8.32697	0.365914	7	AAGAAUAAUAUUUUCA	AUAUUAA	+
filter14	RNCMPT00175	-7	0.0341269	8.32697	0.365914	7	AAGAAUAAUAUUUUCA	AUAUUUA	+
filter14	RNCMPT00255	-1	0.0341269	8.32697	0.365914	7	AAGAAUAAUAUUUUCA	AAAAAAA	+
filter14	RNCMPT00171	-1	0.0367956	8.97813	0.365914	7	AAGAAUAAUAUUUUCA	AGAAAAU	+
filter14	RNCMPT00263	-1	0.0367956	8.97813	0.365914	7	AAGAAUAAUAUUUUCA	AGAACAA	+
filter15	RNCMPT00183	-3	0.00909419	2.21898	0.657248	7	AUAGUUUAGUGAAAGU	UUUGUGU	+
filter15	RNCMPT00140	-7	0.0181501	4.42862	0.657248	7	AUAGUUUAGUGAAAGU	AGUGGAA	+
filter15	RNCMPT00090	-7	0.0195641	4.77365	0.657248	7	AUAGUUUAGUGAAAGU	AGAGAAA	+
filter15	RNCMPT00019	-7	0.0210659	5.14008	0.657248	7	AUAGUUUAGUGAAAGU	AGAGAAA	+
filter15	RNCMPT00120	-4	0.0226624	5.52962	0.657248	7	AUAGUUUAGUGAAAGU	UUUAGUU	+
filter15	RNCMPT00232	0	0.0261598	6.38298	0.657248	7	AUAGUUUAGUGAAAGU	AUUUUUU	+
filter15	RNCMPT00129	-5	0.0266098	6.49279	0.657248	8	AUAGUUUAGUGAAAGU	AGAGUAUA	+
filter15	RNCMPT00025	0	0.0280753	6.85036	0.657248	7	AUAGUUUAGUGAAAGU	AUUUUUU	+
filter15	RNCMPT00167	0	0.030097	7.34366	0.657248	7	AUAGUUUAGUGAAAGU	AUUUUUU	+
filter15	RNCMPT00184	-7	0.030097	7.34366	0.657248	7	AUAGUUUAGUGAAAGU	AGUGUGA	+
filter15	RNCMPT00169	-8	0.0322362	7.86564	0.657248	7	AUAGUUUAGUGAAAGU	AUAAAAG	+
filter15	RNCMPT00089	-7	0.0368648	8.99501	0.657248	7	AUAGUUUAGUGAAAGU	AGAGAAA	+
filter16	RNCMPT00238	0	0.00222675	0.543326	0.221992	7	GGAGGAAACCAGGUGA	GGAGGAA	+
filter16	RNCMPT00107	0	0.00246521	0.601511	0.221992	7	GGAGGAAACCAGGUGA	GGAGGAA	+
filter16	RNCMPT00153	-3	0.00301619	0.735952	0.221992	7	GGAGGAAACCAGGUGA	GAAAACC	+
filter16	RNCMPT00066	1	0.00485906	1.18561	0.223202	6	GGAGGAAACCAGGUGA	AGGAGGA	+
filter16	RNCMPT00106	0	0.00624685	1.52423	0.223202	7	GGAGGAAACCAGGUGA	GGAGGAC	+
filter16	RNCMPT00162	1	0.00675262	1.64764	0.223202	6	GGAGGAAACCAGGUGA	CGGAGGA	+
filter16	RNCMPT00109	0	0.00782509	1.90932	0.223202	7	GGAGGAAACCAGGUGA	GGAGGAA	+
filter16	RNCMPT00199	1	0.00854261	2.0844	0.223202	7	GGAGGAAACCAGGUGA	UGGAGGAA	+
filter16	RNCMPT00108	0	0.00966045	2.35715	0.223202	7	GGAGGAAACCAGGUGA	GGAGGAG	+
filter16	RNCMPT00055	0	0.0103637	2.52873	0.223202	7	GGAGGAAACCAGGUGA	GAAGGAA	+
filter16	RNCMPT00170	-5	0.0111197	2.7132	0.223202	7	GGAGGAAACCAGGUGA	AAUCCAG	+
filter16	RNCMPT00026	-3	0.0147753	3.60516	0.250531	7	GGAGGAAACCAGGUGA	CCAACCC	+
filter16	RNCMPT00163	0	0.0147753	3.60516	0.250531	7	GGAGGAAACCAGGUGA	GGAGGAG	+
filter16	RNCMPT00205	0	0.0158851	3.87597	0.250531	7	GGAGGAAACCAGGUGA	AGGGGAA	+
filter16	RNCMPT00074	1	0.0170858	4.16893	0.251503	6	GGAGGAAACCAGGUGA	AGGAGCA	+
filter16	RNCMPT00259	-7	0.0183776	4.48412	0.25361	7	GGAGGAAACCAGGUGA	ACCAUGA	+
filter16	RNCMPT00050	-4	0.0228151	5.56689	0.296328	7	GGAGGAAACCAGGUGA	GAUACGA	+
filter16	RNCMPT00067	1	0.0244859	5.97455	0.30036	6	GGAGGAAACCAGGUGA	GGAAGGA	+
filter16	RNCMPT00139	-3	0.0370832	9.0483	0.430946	7	GGAGGAAACCAGGUGA	GAAAAUC	+
filter17	RNCMPT00126	-2	0.0013984	0.34121	0.318566	7	GUGUUUGGGUAGAGCG	GUUUGGG	+
filter17	RNCMPT00132	-3	0.00975723	2.38076	0.456532	7	GUGUUUGGGUAGAGCG	UUUGGUU	+
filter17	RNCMPT00183	-3	0.00975723	2.38076	0.456532	7	GUGUUUGGGUAGAGCG	UUUGUGU	+
filter17	RNCMPT00029	-7	0.0144005	3.51372	0.456532	7	GUGUUUGGGUAGAGCG	GGUAGGG	+
filter17	RNCMPT00095	-7	0.0144005	3.51372	0.456532	7	GUGUUUGGGUAGAGCG	GGUAGGG	+
filter17	RNCMPT00096	-7	0.0155008	3.78218	0.456532	7	GUGUUUGGGUAGAGCG	GGUAGGG	+
filter17	RNCMPT00283	0	0.0155008	3.78218	0.456532	7	GUGUUUGGGUAGAGCG	GUGUGUG	+
filter17	RNCMPT00094	-7	0.0166642	4.06606	0.456532	7	GUGUUUGGGUAGAGCG	GGUAGGG	+
filter17	RNCMPT00272	-4	0.0191964	4.68392	0.456532	7	GUGUUUGGGUAGAGCG	GUAGGUA	+
filter17	RNCMPT00270	-3	0.0235566	5.74781	0.456532	7	GUGUUUGGGUAGAGCG	UGUGUGU	+
filter17	RNCMPT00003	-3	0.0251896	6.14627	0.456532	7	GUGUUUGGGUAGAGCG	UGUGUGU	+
filter17	RNCMPT00120	-3	0.0269297	6.57084	0.456532	7	GUGUUUGGGUAGAGCG	UUUAGUU	+
filter17	RNCMPT00051	0	0.0287792	7.02214	0.456532	7	GUGUUUGGGUAGAGCG	GUGUGUG	+
filter17	RNCMPT00258	-1	0.0287792	7.02214	0.456532	7	GUGUUUGGGUAGAGCG	UGUUUGU	+
filter17	RNCMPT00117	-3	0.0351159	8.56828	0.456532	7	GUGUUUGGGUAGAGCG	UUUGUUU	+
filter17	RNCMPT00121	-3	0.0351159	8.56828	0.456532	7	GUGUUUGGGUAGAGCG	UUUGUUU	+
filter17	RNCMPT00023	-3	0.0375315	9.15768	0.456532	7	GUGUUUGGGUAGAGCG	UUAGGGA	+
filter17	RNCMPT00038	-1	0.0375315	9.15768	0.456532	7	GUGUUUGGGUAGAGCG	AGCUUGC	+
filter17	RNCMPT00011	-3	0.0400805	9.77964	0.456532	7	GUGUUUGGGUAGAGCG	UGUGUGU	+
filter17	RNCMPT00086	-3	0.0400805	9.77964	0.456532	7	GUGUUUGGGUAGAGCG	UUUGUUU	+
filter18	RNCMPT00073	-1	0.0059098	1.44199	0.720995	8	AGACCCCGGCGAGAUA	GACGACGG	+
filter18	RNCMPT00278	0	0.0059098	1.44199	0.720995	8	AGACCCCGGCGAGAUA	AGACACAU	+
filter18	RNCMPT00052	-2	0.0169303	4.13099	1	7	AGACCCCGGCGAGAUA	GCGCGGG	+
filter18	RNCMPT00113	-2	0.0219153	5.34733	1	7	AGACCCCGGCGAGAUA	GCGCGGG	+
filter18	RNCMPT00009	-6	0.0323527	7.89405	1	7	AGACCCCGGCGAGAUA	GGGCGUG	+
filter19	RNCMPT00205	-7	0.00518903	1.26612	1	7	AGGGAUUAUGGGAAAU	AGGGGAA	+
filter19	RNCMPT00141	-6	0.0160556	3.91757	1	7	AGGGAUUAUGGGAAAU	UAUGAGG	+
filter19	RNCMPT00023	-6	0.0245266	5.9845	1	7	AGGGAUUAUGGGAAAU	UUAGGGA	+
filter19	RNCMPT00022	-6	0.0277872	6.78007	1	7	AGGGAUUAUGGGAAAU	UUAGGGA	+
filter19	RNCMPT00019	-8	0.0402583	9.82303	1	7	AGGGAUUAUGGGAAAU	AGAGAAA	+
filter19	RNCMPT00140	-7	0.0402583	9.82303	1	7	AGGGAUUAUGGGAAAU	AGUGGAA	+
filter20	RNCMPT00036	-3	0.00618153	1.50829	0.612094	7	CCCAGCAGAAUCCCAA	CGGAGAA	+
filter20	RNCMPT00078	-4	0.00801814	1.95643	0.612094	7	CCCAGCAGAAUCCCAA	GAAGAAG	+
filter20	RNCMPT00059	-6	0.0102688	2.50558	0.612094	7	CCCAGCAGAAUCCCAA	AGAAGGC	+
filter20	RNCMPT00161	-8	0.0106761	2.60496	0.612094	8	CCCAGCAGAAUCCCAA	AAUGACAA	+
filter20	RNCMPT00170	-8	0.017178	4.19144	0.677313	7	CCCAGCAGAAUCCCAA	AAUCCAG	+
filter20	RNCMPT00230	-6	0.0210445	5.13486	0.677313	8	CCCAGCAGAAUCCCAA	AGAAGGAC	+
filter20	RNCMPT00273	-6	0.0269534	6.57662	0.677313	7	CCCAGCAGAAUCCCAA	AGCAUGC	+
filter20	RNCMPT00253	-3	0.0286873	6.99971	0.677313	7	CCCAGCAGAAUCCCAA	AGAAAAA	+
filter20	RNCMPT00257	-3	0.0286873	6.99971	0.677313	7	CCCAGCAGAAUCCCAA	AGAAAAA	+
filter20	RNCMPT00064	-3	0.0324874	7.92693	0.677313	7	CCCAGCAGAAUCCCAA	AGAAAAA	+
filter20	RNCMPT00155	-3	0.0324874	7.92693	0.677313	7	CCCAGCAGAAUCCCAA	AGAAAAA	+
filter20	RNCMPT00254	-6	0.0391625	9.55566	0.748439	7	CCCAGCAGAAUCCCAA	AGAACGA	+
filter21	RNCMPT00134	0	0.00311195	0.759317	0.361969	7	GGGGGGAUGGGCCAGG	GGAGGGG	+
filter21	RNCMPT00160	0	0.00311195	0.759317	0.361969	7	GGGGGGAUGGGCCAGG	GGGAGGG	+
filter21	RNCMPT00150	-1	0.00495468	1.20894	0.384205	7	GGGGGGAUGGGCCAGG	UGGGGAU	+
filter21	RNCMPT00108	0	0.0105298	2.56927	0.435231	7	GGGGGGAUGGGCCAGG	GGAGGAG	+
filter21	RNCMPT00066	0	0.0110576	2.69805	0.435231	7	GGGGGGAUGGGCCAGG	AGGAGGA	+
filter21	RNCMPT00109	0	0.0145089	3.54018	0.435231	7	GGGGGGAUGGGCCAGG	GGAGGAA	+
filter21	RNCMPT00205	-1	0.0158636	3.87072	0.435231	7	GGGGGGAUGGGCCAGG	AGGGGAA	+
filter21	RNCMPT00009	-2	0.0199363	4.86446	0.435231	7	GGGGGGAUGGGCCAGG	GGGCGUG	+
filter21	RNCMPT00162	1	0.0199363	4.86446	0.435231	6	GGGGGGAUGGGCCAGG	CGGAGGA	+
filter21	RNCMPT00187	1	0.0209009	5.09982	0.435231	6	GGGGGGAUGGGCCAGG	UGUGGUG	+
filter21	RNCMPT00163	0	0.0230815	5.63188	0.435231	7	GGGGGGAUGGGCCAGG	GGAGGAG	+
filter21	RNCMPT00146	1	0.0230815	5.63188	0.435231	6	GGGGGGAUGGGCCAGG	AGUGUGG	+
filter21	RNCMPT00067	-4	0.0243217	5.93451	0.435231	7	GGGGGGAUGGGCCAGG	GGAAGGA	+
filter21	RNCMPT00113	0	0.0288074	7.02901	0.47868	7	GGGGGGAUGGGCCAGG	GCGCGGG	+
filter21	RNCMPT00107	-1	0.0326537	7.96751	0.485139	7	GGGGGGAUGGGCCAGG	GGAGGAA	+
filter21	RNCMPT00238	0	0.0375046	9.15111	0.485139	7	GGGGGGAUGGGCCAGG	GGAGGAA	+
filter22	RNCMPT00205	1	0.00021997	0.0536726	0.0535002	6	GGGGAAAAUAGGGGGG	AGGGGAA	+
filter22	RNCMPT00150	1	0.00424644	1.03613	0.516402	6	GGGGAAAAUAGGGGGG	UGGGGAU	+
filter22	RNCMPT00036	1	0.0152967	3.73239	0.911777	6	GGGGAAAAUAGGGGGG	CGGAGAA	+
filter22	RNCMPT00141	-8	0.0253985	6.19724	0.911777	7	GGGGAAAAUAGGGGGG	UAUGAGG	+
filter22	RNCMPT00140	1	0.0253985	6.19724	0.911777	6	GGGGAAAAUAGGGGGG	AGUGGAA	+
filter22	RNCMPT00171	-2	0.0287915	7.02513	0.911777	7	GGGGAAAAUAGGGGGG	AGAAAAU	+
filter22	RNCMPT00107	1	0.030587	7.46323	0.911777	6	GGGGAAAAUAGGGGGG	GGAGGAA	+
filter22	RNCMPT00238	1	0.0344342	8.40193	0.911777	6	GGGGAAAAUAGGGGGG	GGAGGAA	+
filter23	RNCMPT00263	-10	0.00336147	0.820199	0.365804	6	CUACCCCGUAAGAACA	AGAACAA	+
filter23	RNCMPT00171	-10	0.00693208	1.69143	0.365804	6	CUACCCCGUAAGAACA	AGAAAAU	+
filter23	RNCMPT00064	-10	0.00834402	2.03594	0.365804	6	CUACCCCGUAAGAACA	AGAAAAA	+
filter23	RNCMPT00155	-10	0.00834402	2.03594	0.365804	6	CUACCCCGUAAGAACA	AGAAAAA	+
filter23	RNCMPT00253	-10	0.00912973	2.22765	0.365804	6	CUACCCCGUAAGAACA	AGAAAAA	+
filter23	RNCMPT00257	-10	0.00912973	2.22765	0.365804	6	CUACCCCGUAAGAACA	AGAAAAA	+
filter23	RNCMPT00043	-9	0.016146	3.93963	0.55451	7	CUACCCCGUAAGAACA	AAAAAAA	+
filter23	RNCMPT00156	-7	0.0262281	6.39966	0.741153	7	CUACCCCGUAAGAACA	GACAGAU	+
filter23	RNCMPT00033	-9	0.0322635	7.8723	0.741153	7	CUACCCCGUAAGAACA	ACAAACA	+
filter23	RNCMPT00255	-9	0.0345563	8.43173	0.741153	7	CUACCCCGUAAGAACA	AAAAAAA	+
filter23	RNCMPT00110	-9	0.0355656	8.67802	0.741153	7	CUACCCCGUAAGAACA	CAGGACAA	+
filter23	RNCMPT00042	-10	0.0369954	9.02687	0.741153	6	CUACCCCGUAAGAACA	AAAAAAG	+
filter24	RNCMPT00064	-7	0.00501518	1.2237	0.482296	7	GGAAAGGAGUAAACUC	AGAAAAA	+
filter24	RNCMPT00155	-7	0.00501518	1.2237	0.482296	7	GGAAAGGAGUAAACUC	AGAAAAA	+
filter24	RNCMPT00185	-7	0.00614246	1.49876	0.482296	7	GGAAAGGAGUAAACUC	GAUAAAA	+
filter24	RNCMPT00253	-7	0.00906904	2.21285	0.499498	7	GGAAAGGAGUAAACUC	AGAAAAA	+
filter24	RNCMPT00129	-5	0.0106026	2.58702	0.499498	8	GGAAAGGAGUAAACUC	AGAGUAUA	+
filter24	RNCMPT00257	-7	0.0129918	3.16999	0.510047	7	GGAAAGGAGUAAACUC	AGAAAAA	+
filter24	RNCMPT00062	-9	0.0196205	4.7874	0.660246	7	GGAAAGGAGUAAACUC	UAAAAGG	+
filter24	RNCMPT00072	1	0.0287211	7.00794	0.664079	7	GGAAAGGAGUAAACUC	AGGAGAGG	+
filter24	RNCMPT00157	-7	0.0287643	7.0185	0.664079	7	GGAAAGGAGUAAACUC	AGAAGAC	+
filter24	RNCMPT00235	-7	0.0287643	7.0185	0.664079	7	GGAAAGGAGUAAACUC	ACUAAAC	+
filter24	RNCMPT00049	-6	0.0310112	7.56674	0.664079	7	GGAAAGGAGUAAACUC	GAGUAGA	+
filter25	RNCMPT00259	-9	0.000353381	0.0862251	0.0839045	7	GUACCGAAAACCAUGG	ACCAUGA	+
filter25	RNCMPT00153	-5	0.00373268	0.910774	0.443131	7	GUACCGAAAACCAUGG	GAAAACC	+
filter25	RNCMPT00206	-7	0.0157479	3.84249	0.573834	8	GUACCGAAAACCAUGG	AAACCUUU	+
filter25	RNCMPT00033	-6	0.0199392	4.86516	0.573834	7	GUACCGAAAACCAUGG	ACAAACA	+
filter25	RNCMPT00139	-5	0.0215439	5.25671	0.573834	7	GUACCGAAAACCAUGG	GAAAAUC	+
filter25	RNCMPT00147	-8	0.0215439	5.25671	0.573834	7	GUACCGAAAACCAUGG	AACUAAG	+
filter25	RNCMPT00151	-8	0.0215439	5.25671	0.573834	7	GUACCGAAAACCAUGG	AACUAAG	+
filter25	RNCMPT00073	-8	0.0266072	6.49216	0.573834	8	GUACCGAAAACCAUGG	GACGACGG	+
filter25	RNCMPT00248	-8	0.0282844	6.90138	0.573834	8	GUACCGAAAACCAUGG	AACGACGA	+
filter25	RNCMPT00058	-6	0.0291889	7.12208	0.573834	7	GUACCGAAAACCAUGG	ACAACGA	+
filter25	RNCMPT00172	-6	0.0291889	7.12208	0.573834	7	GUACCGAAAACCAUGG	ACAAACA	+
filter25	RNCMPT00197	-8	0.0291889	7.12208	0.573834	7	GUACCGAAAACCAUGG	AUACAUG	+
filter25	RNCMPT00021	-9	0.0314187	7.66616	0.573834	7	GUACCGAAAACCAUGG	AGGAUGA	+
filter25	RNCMPT00061	-9	0.0390167	9.52008	0.654875	7	GUACCGAAAACCAUGG	ACGACGA	+
filter26	RNCMPT00067	-3	0.00114544	0.279487	0.131513	7	AAGGGAUGGAAGGGAG	GGAAGGA	+
filter26	RNCMPT00205	0	0.00114544	0.279487	0.131513	7	AAGGGAUGGAAGGGAG	AGGGGAA	+
filter26	RNCMPT00160	-2	0.0031092	0.758645	0.237988	7	AAGGGAUGGAAGGGAG	GGGAGGG	+
filter26	RNCMPT00021	-2	0.0102401	2.49858	0.437363	7	AAGGGAUGGAAGGGAG	AGGAUGA	+
filter26	RNCMPT00072	0	0.0106368	2.59538	0.437363	8	AAGGGAUGGAAGGGAG	AGGAGAGG	+
filter26	RNCMPT00055	-4	0.0129614	3.16257	0.437363	7	AAGGGAUGGAAGGGAG	GAAGGAA	+
filter26	RNCMPT00140	0	0.0152081	3.71078	0.437363	7	AAGGGAUGGAAGGGAG	AGUGGAA	+
filter26	RNCMPT00154	-4	0.0180933	4.41477	0.437363	7	AAGGGAUGGAAGGGAG	GAAGGAG	+
filter26	RNCMPT00150	0	0.0196897	4.80428	0.437363	7	AAGGGAUGGAAGGGAG	UGGGGAU	+
filter26	RNCMPT00022	1	0.023233	5.66885	0.437363	6	AAGGGAUGGAAGGGAG	UUAGGGA	+
filter26	RNCMPT00024	1	0.023233	5.66885	0.437363	6	AAGGGAUGGAAGGGAG	UUAGGGA	+
filter26	RNCMPT00237	-4	0.0246511	6.01486	0.437363	8	AAGGGAUGGAAGGGAG	GAUGGAGU	+
filter26	RNCMPT00134	-3	0.0272064	6.63836	0.437363	7	AAGGGAUGGAAGGGAG	GGAGGGG	+
filter26	RNCMPT00163	-7	0.0292979	7.14869	0.437363	7	AAGGGAUGGAAGGGAG	GGAGGAG	+
filter26	RNCMPT00138	0	0.033366	8.14131	0.437363	8	AAGGGAUGGAAGGGAG	AGAUGAUG	+
filter26	RNCMPT00108	-3	0.0336527	8.21127	0.437363	7	AAGGGAUGGAAGGGAG	GGAGGAG	+
filter26	RNCMPT00020	-3	0.0359523	8.77237	0.437363	7	AAGGGAUGGAAGGGAG	GGACGGG	+
filter26	RNCMPT00066	-3	0.0383223	9.35065	0.437363	7	AAGGGAUGGAAGGGAG	AGGAGGA	+
filter26	RNCMPT00023	1	0.0383223	9.35065	0.437363	6	AAGGGAUGGAAGGGAG	UUAGGGA	+
filter27	RNCMPT00052	-5	0.00216691	0.528726	0.175491	7	AGAGGCCGGGGCCGCG	GCGCGGG	+
filter27	RNCMPT00124	-6	0.00217485	0.530663	0.175491	8	AGAGGCCGGGGCCGCG	CCGCGCGG	+
filter27	RNCMPT00113	-5	0.00265724	0.648365	0.175491	7	AGAGGCCGGGGCCGCG	GCGCGGG	+
filter27	RNCMPT00045	-9	0.00294273	0.718027	0.175491	7	AGAGGCCGGGGCCGCG	GCGCGCG	+
filter27	RNCMPT00160	-7	0.00683408	1.66751	0.326042	7	AGAGGCCGGGGCCGCG	GGGAGGG	+
filter27	RNCMPT00162	-6	0.0106653	2.60234	0.414448	7	AGAGGCCGGGGCCGCG	CGGAGGA	+
filter27	RNCMPT00056	-9	0.012162	2.96752	0.414448	7	AGAGGCCGGGGCCGCG	GCGCGCG	+
filter27	RNCMPT00134	-7	0.0166843	4.07097	0.497488	7	AGAGGCCGGGGCCGCG	GGAGGGG	+
filter27	RNCMPT00163	-7	0.0202983	4.95277	0.537998	7	AGAGGCCGGGGCCGCG	GGAGGAG	+
filter27	RNCMPT00020	-3	0.0267164	6.5188	0.564193	7	AGAGGCCGGGGCCGCG	GGACGGG	+
filter27	RNCMPT00088	0	0.028656	6.99207	0.564193	7	AGAGGCCGGGGCCGCG	AGAGAGG	+
filter27	RNCMPT00009	-9	0.0307473	7.50234	0.564193	7	AGAGGCCGGGGCCGCG	GGGCGUG	+
filter27	RNCMPT00059	0	0.0307473	7.50234	0.564193	7	AGAGGCCGGGGCCGCG	AGAAGGC	+
filter27	RNCMPT00018	-8	0.0380209	9.27709	0.604637	7	AGAGGCCGGGGCCGCG	UGCGCGC	+
filter27	RNCMPT00085	-5	0.0380209	9.27709	0.604637	7	AGAGGCCGGGGCCGCG	GCAGCGC	+
filter27	RNCMPT00111	-5	0.0406112	9.90913	0.605466	8	AGAGGCCGGGGCCGCG	UGCUGGCC	+
filter28	RNCMPT00067	-3	0.00091638	0.223597	0.0917018	7	GGGGGAAGGAAAAAAA	GGAAGGA	+
filter28	RNCMPT00055	-4	0.000983625	0.240004	0.0917018	7	GGGGGAAGGAAAAAAA	GAAGGAA	+
filter28	RNCMPT00205	0	0.00118448	0.289014	0.0917018	7	GGGGGAAGGAAAAAAA	AGGGGAA	+
filter28	RNCMPT00160	-2	0.00552	1.34688	0.320516	7	GGGGGAAGGAAAAAAA	GGGAGGG	+
filter28	RNCMPT00154	-4	0.00871494	2.12645	0.337353	7	GGGGGAAGGAAAAAAA	GAAGGAG	+
filter28	RNCMPT00238	0	0.00871494	2.12645	0.337353	7	GGGGGAAGGAAAAAAA	GGAGGAA	+
filter28	RNCMPT00150	0	0.011142	2.71866	0.36969	7	GGGGGAAGGAAAAAAA	UGGGGAU	+
filter28	RNCMPT00107	0	0.0174253	4.25177	0.446674	7	GGGGGAAGGAAAAAAA	GGAGGAA	+
filter28	RNCMPT00066	1	0.0200798	4.89947	0.446674	6	GGGGGAAGGAAAAAAA	AGGAGGA	+
filter28	RNCMPT00230	-3	0.0215862	5.26704	0.446674	8	GGGGGAAGGAAAAAAA	AGAAGGAC	+
filter28	RNCMPT00199	1	0.0262791	6.41211	0.446674	7	GGGGGAAGGAAAAAAA	UGGAGGAA	+
filter28	RNCMPT00106	-4	0.0279429	6.81807	0.446674	7	GGGGGAAGGAAAAAAA	GGAGGAC	+
filter28	RNCMPT00162	1	0.0279429	6.81807	0.446674	6	GGGGGAAGGAAAAAAA	CGGAGGA	+
filter28	RNCMPT00109	-4	0.031006	7.56547	0.446674	7	GGGGGAAGGAAAAAAA	GGAGGAA	+
filter28	RNCMPT00163	-1	0.031006	7.56547	0.446674	7	GGGGGAAGGAAAAAAA	GGAGGAG	+
filter28	RNCMPT00255	-9	0.031006	7.56547	0.446674	7	GGGGGAAGGAAAAAAA	AAAAAAA	+
filter28	RNCMPT00108	-4	0.032694	7.97735	0.446674	7	GGGGGAAGGAAAAAAA	GGAGGAG	+
filter28	RNCMPT00043	-9	0.0364575	8.89563	0.47042	7	GGGGGAAGGAAAAAAA	AAAAAAA	+
filter28	RNCMPT00078	-1	0.0386002	9.41845	0.471853	7	GGGGGAAGGAAAAAAA	GAAGAAG	+
filter29	RNCMPT00205	-6	0.00173887	0.424284	0.412865	7	CUUCAGGGGGGAAAAU	AGGGGAA	+
filter29	RNCMPT00238	-6	0.0140281	3.42285	0.643288	7	CUUCAGGGGGGAAAAU	GGAGGAA	+
filter29	RNCMPT00107	-6	0.0165672	4.04239	0.643288	7	CUUCAGGGGGGAAAAU	GGAGGAA	+
filter29	RNCMPT00139	-10	0.0185058	4.51541	0.643288	6	CUUCAGGGGGGAAAAU	GAAAAUC	+
filter29	RNCMPT00109	-5	0.0207359	5.05956	0.643288	7	CUUCAGGGGGGAAAAU	GGAGGAA	+
filter29	RNCMPT00108	-5	0.0249756	6.09404	0.643288	7	CUUCAGGGGGGAAAAU	GGAGGAG	+
filter29	RNCMPT00066	-5	0.028545	6.96498	0.643288	7	CUUCAGGGGGGAAAAU	AGGAGGA	+
filter29	RNCMPT00134	-5	0.028545	6.96498	0.643288	7	CUUCAGGGGGGAAAAU	GGAGGGG	+
filter29	RNCMPT00163	-6	0.0305514	7.45455	0.643288	7	CUUCAGGGGGGAAAAU	GGAGGAG	+
filter29	RNCMPT00088	-4	0.032728	7.98563	0.643288	7	CUUCAGGGGGGAAAAU	AGAGAGG	+
filter29	RNCMPT00106	-6	0.032728	7.98563	0.643288	7	CUUCAGGGGGGAAAAU	GGAGGAC	+
filter29	RNCMPT00199	-5	0.0355424	8.67235	0.643288	8	CUUCAGGGGGGAAAAU	UGGAGGAA	+
filter29	RNCMPT00171	-9	0.0375621	9.16515	0.643288	7	CUUCAGGGGGGAAAAU	AGAAAAU	+
filter29	RNCMPT00146	-4	0.0402048	9.80998	0.643288	7	CUUCAGGGGGGAAAAU	AGUGUGG	+
filter30	RNCMPT00106	-3	0.00110435	0.269461	0.128093	7	AGGGGAAGACGUUAGG	GGAGGAC	+
filter30	RNCMPT00066	-2	0.00122491	0.298879	0.128093	7	AGGGGAAGACGUUAGG	AGGAGGA	+
filter30	RNCMPT00107	-3	0.00166782	0.406947	0.128093	7	AGGGGAAGACGUUAGG	GGAGGAA	+
filter30	RNCMPT00205	0	0.00275754	0.672841	0.142133	7	AGGGGAAGACGUUAGG	AGGGGAA	+
filter30	RNCMPT00002	-6	0.00370123	0.903101	0.142133	7	AGGGGAAGACGUUAGG	AGACGUA	+
filter30	RNCMPT00157	-3	0.00370123	0.903101	0.142133	7	AGGGGAAGACGUUAGG	AGAAGAC	+
filter30	RNCMPT00078	-4	0.00937592	2.28772	0.308614	7	AGGGGAAGACGUUAGG	GAAGAAG	+
filter30	RNCMPT00067	-2	0.0120172	2.93221	0.346111	7	AGGGGAAGACGUUAGG	GGAAGGA	+
filter30	RNCMPT00163	-3	0.0140563	3.42974	0.359856	7	AGGGGAAGACGUUAGG	GGAGGAG	+
filter30	RNCMPT00087	-7	0.0215102	5.2485	0.459908	8	AGGGGAAGACGUUAGG	GAAUUAAG	+
filter30	RNCMPT00230	-2	0.0246097	6.00476	0.459908	8	AGGGGAAGACGUUAGG	AGAAGGAC	+
filter30	RNCMPT00109	-3	0.0259579	6.33372	0.459908	7	AGGGGAAGACGUUAGG	GGAGGAA	+
filter30	RNCMPT00238	-3	0.0299407	7.30553	0.459908	7	AGGGGAAGACGUUAGG	GGAGGAA	+
filter30	RNCMPT00126	-10	0.0299407	7.30553	0.459908	6	AGGGGAAGACGUUAGG	GUUUGGG	+
filter30	RNCMPT00023	-11	0.0299407	7.30553	0.459908	5	AGGGGAAGACGUUAGG	UUAGGGA	+
filter30	RNCMPT00094	-10	0.0320908	7.83015	0.462126	6	AGGGGAAGACGUUAGG	GGUAGGG	+
filter30	RNCMPT00160	-2	0.0367592	8.96925	0.496379	7	AGGGGAAGACGUUAGG	GGGAGGG	+
filter30	RNCMPT00199	-2	0.038778	9.46184	0.496379	8	AGGGGAAGACGUUAGG	UGGAGGAA	+
filter31	RNCMPT00073	-3	0.000105726	0.0257971	0.017605	8	ACGGACGACGCACCAC	GACGACGG	+
filter31	RNCMPT00061	-4	0.000163335	0.0398538	0.017605	7	ACGGACGACGCACCAC	ACGACGA	+
filter31	RNCMPT00248	-3	0.000546588	0.133368	0.0392758	8	ACGGACGACGCACCAC	AACGACGA	+
filter31	RNCMPT00241	-3	0.000731759	0.178549	0.0394361	7	ACGGACGACGCACCAC	GACGACA	+
filter31	RNCMPT00106	-2	0.00100791	0.24593	0.0434547	7	ACGGACGACGCACCAC	GGAGGAC	+
filter31	RNCMPT00107	-2	0.00148969	0.363485	0.0535219	7	ACGGACGACGCACCAC	GGAGGAA	+
filter31	RNCMPT00162	-1	0.00231926	0.565899	0.0714229	7	ACGGACGACGCACCAC	CGGAGGA	+
filter31	RNCMPT00078	-3	0.00573411	1.39912	0.154512	7	ACGGACGACGCACCAC	GAAGAAG	+
filter31	RNCMPT00015	0	0.00776861	1.89554	0.181006	7	ACGGACGACGCACCAC	ACGGACA	+
filter31	RNCMPT00109	-2	0.00839667	2.04879	0.181006	7	ACGGACGACGCACCAC	GGAGGAA	+
filter31	RNCMPT00225	-4	0.00982903	2.39828	0.19128	7	ACGGACGACGCACCAC	AACACGC	+
filter31	RNCMPT00157	-2	0.0106479	2.59809	0.19128	7	ACGGACGACGCACCAC	AGAAGAC	+
filter31	RNCMPT00058	-4	0.0158348	3.86369	0.262576	7	ACGGACGACGCACCAC	ACAACGA	+
filter31	RNCMPT00066	-1	0.0171081	4.17437	0.263427	7	ACGGACGACGCACCAC	AGGAGGA	+
filter31	RNCMPT00138	-2	0.0198221	4.83659	0.267144	8	ACGGACGACGCACCAC	AGAUGAUG	+
filter31	RNCMPT00007	-2	0.0199388	4.86507	0.267144	7	ACGGACGACGCACCAC	CAACGAA	+
filter31	RNCMPT00020	-2	0.021482	5.24162	0.267144	7	ACGGACGACGCACCAC	GGACGGG	+
filter31	RNCMPT00067	-1	0.024785	6.04755	0.267144	7	ACGGACGACGCACCAC	GGAAGGA	+
filter31	RNCMPT00108	-2	0.024785	6.04755	0.267144	7	ACGGACGACGCACCAC	GGAGGAG	+
filter31	RNCMPT00238	-2	0.024785	6.04755	0.267144	7	ACGGACGACGCACCAC	GGAGGAA	+
filter31	RNCMPT00161	0	0.0310632	7.57943	0.318237	8	ACGGACGACGCACCAC	AAUGACAA	+
filter31	RNCMPT00163	-2	0.0324779	7.92461	0.318237	7	ACGGACGACGCACCAC	GGAGGAG	+
filter31	RNCMPT00230	2	0.0375187	9.15456	0.351646	6	ACGGACGACGCACCAC	AGAAGGAC	+
filter31	RNCMPT00287	-3	0.0396002	9.66246	0.355691	7	ACGGACGACGCACCAC	UACUACG	+

# Tomtom (Motif Comparison Tool): Version 5.4.1 compiled on Aug 25 2021 at 17:37:53
# The format of this file is described at https://meme-suite.org/meme/doc/tomtom-output-format.html.
# tomtom -no-ssc -oc . -verbosity 1 -min-overlap 5 -dist pearson -evalue -thresh 10.0 RNCMPT00205_filters_0.75_ST.meme db/RNA/Ray2013_rbp_All_Species.meme
